date,game_date_display,game_time_et,game_day,game_datetime_utc,game,player,team,position,mlb_id,prop,line,opposing_pitcher,pitcher,pitcher_hand,batter_hand,lineup_spot,starter_confirmed,hr_probability,real_hr_probability,probability,rating,smart_rank_score,edge,barrel_rate,hard_hit_rate,fly_ball_rate,exit_velocity,launch_angle,max_ev,statcast_source,iso,slg,pull_rate,pitcher_hr9,pitcher_barrel_allowed,primary_pitch,pitch_matchup,pitch_matchup_score,park,park_factor,park_score,weather_boost,weather,weather_score,wind_label,wind_score,wind_boost,wind_direction,wind_speed,temperature,humidity,confidence_score,risk,why_homer,why_fail,reason
2026-04-30,"Apr 30, 2026",12:40 PM ET,Thursday,2026-04-30T16:40:00Z,Colorado Rockies @ Cincinnati Reds,Hunter Goodman,Colorado Rockies,C,696100,Home Runs,0.5,Andrew Abbott,Andrew Abbott,L,R,2,Projected,10.42,10.42,10.42,90.9,99.0,10.82,22.0,62.0,54.8,97.0,17.7,N/A,Proxy,0.27,0.52,51.2,1.28,Proxy,Pitch mix pending,RHB platoon look vs LHP; Pitcher HR/9 is attackable; Real Statcast barrel rate is elite; Hard-hit profile supports HR upside; Exit velocity supports power; Elite power profile,95.0,Great American Ball Park,HR Boost,92.5,Neutral,Neutral,64.0,Light Wind In,67.0,-3,312.0,7.5,51.2,68.0,86.1,MED,Power score 97; Proxy power data; barrel rate 22; hard-hit 62; EV 97; projected lineup spot 2; pitcher HR/9 1.28; HR Boost; Neutral; Light Wind In; RHB platoon look vs LHP; Pitcher HR/9 is attackable; Real Statcast barrel rate is elite; Hard-hit profile supports HR upside; Exit velocity supports power; Elite power profile; RHB vs LHP advantage check.,Home runs are low-frequency events; lineup is projected not confirmed; pitcher hand is L; weather direction is 312.0; full pitch-by-pitch mix is still pending until dedicated pitch feed is connected.,HR confidence 86.1/100. Real HR probability estimate 10.42%. Power score 97; Proxy power data; barrel rate 22; hard-hit 62; EV 97; projected lineup spot 2; pitcher HR/9 1.28; HR Boost; Neutral; Light Wind In; RHB platoon look vs LHP; Pitcher HR/9 is attackable; Real Statcast barrel rate is elite; Hard-hit profile supports HR upside; Exit velocity supports power; Elite power profile; RHB vs LHP advantage check. Risk note: Home runs are low-frequency events; lineup is projected not confirmed; pitcher hand is L; weather direction is 312.0; full pitch-by-pitch mix is still pending until dedicated pitch feed is connected.
2026-04-30,"Apr 30, 2026",12:40 PM ET,Thursday,2026-04-30T16:40:00Z,Colorado Rockies @ Cincinnati Reds,Mickey Moniak,Colorado Rockies,LF,666160,Home Runs,0.5,Andrew Abbott,Andrew Abbott,L,L,3,Projected,9.55,9.55,9.55,87.3,99.0,8.91,22.0,62.0,54.8,97.0,17.7,N/A,Proxy,0.345,0.655,51.2,1.28,Proxy,Pitch mix pending,Same-side matchup; Pitcher HR/9 is attackable; Real Statcast barrel rate is elite; Hard-hit profile supports HR upside; Exit velocity supports power; Elite power profile,88.0,Great American Ball Park,HR Boost,92.5,Neutral,Neutral,64.0,Light Wind In,67.0,-3,312.0,7.5,51.2,68.0,84.4,MED,Power score 97; Proxy power data; barrel rate 22; hard-hit 62; EV 97; projected lineup spot 3; pitcher HR/9 1.28; HR Boost; Neutral; Light Wind In; Same-side matchup; Pitcher HR/9 is attackable; Real Statcast barrel rate is elite; Hard-hit profile supports HR upside; Exit velocity supports power; Elite power profile; Same-side split check.,Home runs are low-frequency events; lineup is projected not confirmed; pitcher hand is L; weather direction is 312.0; full pitch-by-pitch mix is still pending until dedicated pitch feed is connected.,HR confidence 84.4/100. Real HR probability estimate 9.55%. Power score 97; Proxy power data; barrel rate 22; hard-hit 62; EV 97; projected lineup spot 3; pitcher HR/9 1.28; HR Boost; Neutral; Light Wind In; Same-side matchup; Pitcher HR/9 is attackable; Real Statcast barrel rate is elite; Hard-hit profile supports HR upside; Exit velocity supports power; Elite power profile; Same-side split check. Risk note: Home runs are low-frequency events; lineup is projected not confirmed; pitcher hand is L; weather direction is 312.0; full pitch-by-pitch mix is still pending until dedicated pitch feed is connected.
2026-04-30,"Apr 30, 2026",12:40 PM ET,Thursday,2026-04-30T16:40:00Z,Colorado Rockies @ Cincinnati Reds,JJ Bleday,Cincinnati Reds,LF,668709,Home Runs,0.5,Michael Lorenzen,Michael Lorenzen,R,L,3,Projected,10.34,10.34,10.34,90.6,99.0,10.65,22.0,62.0,54.8,97.0,17.7,N/A,Proxy,3.0,4.0,51.2,1.28,Proxy,Pitch mix pending,LHB platoon look vs RHP; Pitcher HR/9 is attackable; Real Statcast barrel rate is elite; Hard-hit profile supports HR upside; Exit velocity supports power; Elite power profile,95.0,Great American Ball Park,HR Boost,92.5,Neutral,Neutral,64.0,Light Wind In,67.0,-3,312.0,7.5,51.2,68.0,85.8,MED,Power score 97; Proxy power data; barrel rate 22; hard-hit 62; EV 97; projected lineup spot 3; pitcher HR/9 1.28; HR Boost; Neutral; Light Wind In; LHB platoon look vs RHP; Pitcher HR/9 is attackable; Real Statcast barrel rate is elite; Hard-hit profile supports HR upside; Exit velocity supports power; Elite power profile; LHB vs RHP advantage check.,Home runs are low-frequency events; lineup is projected not confirmed; pitcher hand is R; weather direction is 312.0; full pitch-by-pitch mix is still pending until dedicated pitch feed is connected.,HR confidence 85.8/100. Real HR probability estimate 10.34%. Power score 97; Proxy power data; barrel rate 22; hard-hit 62; EV 97; projected lineup spot 3; pitcher HR/9 1.28; HR Boost; Neutral; Light Wind In; LHB platoon look vs RHP; Pitcher HR/9 is attackable; Real Statcast barrel rate is elite; Hard-hit profile supports HR upside; Exit velocity supports power; Elite power profile; LHB vs RHP advantage check. Risk note: Home runs are low-frequency events; lineup is projected not confirmed; pitcher hand is R; weather direction is 312.0; full pitch-by-pitch mix is still pending until dedicated pitch feed is connected.
2026-04-30,"Apr 30, 2026",12:40 PM ET,Thursday,2026-04-30T16:40:00Z,Colorado Rockies @ Cincinnati Reds,Spencer Steer,Cincinnati Reds,LF,668715,Home Runs,0.5,Michael Lorenzen,Michael Lorenzen,R,R,1,Projected,8.4,8.4,8.4,82.5,99.0,6.38,16.5,57.3,47.9,94.0,16.0,N/A,Proxy,0.218,0.435,46.3,1.28,Proxy,Pitch mix pending,Same-side matchup; Pitcher HR/9 is attackable; Real Statcast barrel rate is elite; Hard-hit profile supports HR upside; Exit velocity supports power; Strong power profile,86.0,Great American Ball Park,HR Boost,92.5,Neutral,Neutral,64.0,Light Wind In,67.0,-3,312.0,7.5,51.2,68.0,78.6,MED,Power score 79.8; Proxy power data; barrel rate 16.5; hard-hit 57.3; EV 94.0; projected lineup spot 1; pitcher HR/9 1.28; HR Boost; Neutral; Light Wind In; Same-side matchup; Pitcher HR/9 is attackable; Real Statcast barrel rate is elite; Hard-hit profile supports HR upside; Exit velocity supports power; Strong power profile; Same-side split check.,Home runs are low-frequency events; lineup is projected not confirmed; pitcher hand is R; weather direction is 312.0; full pitch-by-pitch mix is still pending until dedicated pitch feed is connected.,HR confidence 78.6/100. Real HR probability estimate 8.4%. Power score 79.8; Proxy power data; barrel rate 16.5; hard-hit 57.3; EV 94.0; projected lineup spot 1; pitcher HR/9 1.28; HR Boost; Neutral; Light Wind In; Same-side matchup; Pitcher HR/9 is attackable; Real Statcast barrel rate is elite; Hard-hit profile supports HR upside; Exit velocity supports power; Strong power profile; Same-side split check. Risk note: Home runs are low-frequency events; lineup is projected not confirmed; pitcher hand is R; weather direction is 312.0; full pitch-by-pitch mix is still pending until dedicated pitch feed is connected.
2026-04-30,"Apr 30, 2026",1:05 PM ET,Thursday,2026-04-30T17:05:00Z,San Francisco Giants @ Philadelphia Phillies,Casey Schmitt,San Francisco Giants,1B,669477,Home Runs,0.5,Andrew Painter,Andrew Painter,R,R,2,Projected,8.45,8.45,8.45,82.7,99.0,6.49,22.0,62.0,54.8,97.0,17.7,N/A,Proxy,0.238,0.524,51.2,0.75,Proxy,Pitch mix pending,Same-side matchup; Pitcher suppresses HRs; Real Statcast barrel rate is elite; Hard-hit profile supports HR upside; Exit velocity supports power; Elite power profile,79.0,Citizens Bank Park,HR Boost,82.5,Neutral,Neutral,64.0,Light Wind In,67.0,-3,249.0,6.7,53.3,84.0,79.4,MED,Power score 97; Proxy power data; barrel rate 22; hard-hit 62; EV 97; projected lineup spot 2; pitcher HR/9 0.75; HR Boost; Neutral; Light Wind In; Same-side matchup; Pitcher suppresses HRs; Real Statcast barrel rate is elite; Hard-hit profile supports HR upside; Exit velocity supports power; Elite power profile; Same-side split check.,Home runs are low-frequency events; lineup is projected not confirmed; pitcher hand is R; weather direction is 249.0; full pitch-by-pitch mix is still pending until dedicated pitch feed is connected.,HR confidence 79.4/100. Real HR probability estimate 8.45%. Power score 97; Proxy power data; barrel rate 22; hard-hit 62; EV 97; projected lineup spot 2; pitcher HR/9 0.75; HR Boost; Neutral; Light Wind In; Same-side matchup; Pitcher suppresses HRs; Real Statcast barrel rate is elite; Hard-hit profile supports HR upside; Exit velocity supports power; Elite power profile; Same-side split check. Risk note: Home runs are low-frequency events; lineup is projected not confirmed; pitcher hand is R; weather direction is 249.0; full pitch-by-pitch mix is still pending until dedicated pitch feed is connected.
2026-04-30,"Apr 30, 2026",12:35 PM ET,Thursday,2026-04-30T16:35:00Z,St. Louis Cardinals @ Pittsburgh Pirates,Oneil Cruz,Pittsburgh Pirates,CF,665833,Home Runs,0.5,Hunter Dobbins,Hunter Dobbins,R,L,3,Projected,8.74,8.74,8.74,83.9,99.0,7.13,22.0,62.0,54.8,97.0,17.7,N/A,Proxy,0.273,0.538,51.2,1.1,Proxy,Pitch mix pending,LHB platoon look vs RHP; Real Statcast barrel rate is elite; Hard-hit profile supports HR upside; Exit velocity supports power; Elite power profile,91.0,PNC Park,Pitcher Friendly,60.0,Neutral,Neutral,67.0,Neutral Wind,70.0,0,302.0,6.7,47.2,78.0,78.6,MED,Power score 97; Proxy power data; barrel rate 22; hard-hit 62; EV 97; projected lineup spot 3; pitcher HR/9 1.1; Pitcher Friendly; Neutral; Neutral Wind; LHB platoon look vs RHP; Real Statcast barrel rate is elite; Hard-hit profile supports HR upside; Exit velocity supports power; Elite power profile; LHB vs RHP advantage check.,Home runs are low-frequency events; lineup is projected not confirmed; pitcher hand is R; weather direction is 302.0; full pitch-by-pitch mix is still pending until dedicated pitch feed is connected.,HR confidence 78.6/100. Real HR probability estimate 8.74%. Power score 97; Proxy power data; barrel rate 22; hard-hit 62; EV 97; projected lineup spot 3; pitcher HR/9 1.1; Pitcher Friendly; Neutral; Neutral Wind; LHB platoon look vs RHP; Real Statcast barrel rate is elite; Hard-hit profile supports HR upside; Exit velocity supports power; Elite power profile; LHB vs RHP advantage check. Risk note: Home runs are low-frequency events; lineup is projected not confirmed; pitcher hand is R; weather direction is 302.0; full pitch-by-pitch mix is still pending until dedicated pitch feed is connected.
2026-04-30,"Apr 30, 2026",12:35 PM ET,Thursday,2026-04-30T16:35:00Z,St. Louis Cardinals @ Pittsburgh Pirates,Ryan O'Hearn,Pittsburgh Pirates,RF,656811,Home Runs,0.5,Hunter Dobbins,Hunter Dobbins,R,L,4,Projected,8.59,8.59,8.59,83.3,99.0,6.8,21.2,62.0,53.7,96.9,17.4,N/A,Proxy,0.192,0.515,50.4,1.1,Proxy,Pitch mix pending,LHB platoon look vs RHP; Real Statcast barrel rate is elite; Hard-hit profile supports HR upside; Exit velocity supports power; Elite power profile,91.0,PNC Park,Pitcher Friendly,60.0,Neutral,Neutral,67.0,Neutral Wind,70.0,0,302.0,6.7,47.2,78.0,77.9,MED,Power score 94.3; Proxy power data; barrel rate 21.2; hard-hit 62; EV 96.9; projected lineup spot 4; pitcher HR/9 1.1; Pitcher Friendly; Neutral; Neutral Wind; LHB platoon look vs RHP; Real Statcast barrel rate is elite; Hard-hit profile supports HR upside; Exit velocity supports power; Elite power profile; LHB vs RHP advantage check.,Home runs are low-frequency events; lineup is projected not confirmed; pitcher hand is R; weather direction is 302.0; full pitch-by-pitch mix is still pending until dedicated pitch feed is connected.,HR confidence 77.9/100. Real HR probability estimate 8.59%. Power score 94.3; Proxy power data; barrel rate 21.2; hard-hit 62; EV 96.9; projected lineup spot 4; pitcher HR/9 1.1; Pitcher Friendly; Neutral; Neutral Wind; LHB platoon look vs RHP; Real Statcast barrel rate is elite; Hard-hit profile supports HR upside; Exit velocity supports power; Elite power profile; LHB vs RHP advantage check. Risk note: Home runs are low-frequency events; lineup is projected not confirmed; pitcher hand is R; weather direction is 302.0; full pitch-by-pitch mix is still pending until dedicated pitch feed is connected.
2026-04-30,"Apr 30, 2026",12:35 PM ET,Thursday,2026-04-30T16:35:00Z,Houston Astros @ Baltimore Orioles,Samuel Basallo,Baltimore Orioles,C,694212,Home Runs,0.5,Lance McCullers Jr.,Lance McCullers Jr.,R,L,4,Projected,9.41,9.41,9.41,86.7,99.0,8.6,19.0,62.0,51.0,95.5,16.8,N/A,Proxy,0.221,0.468,48.5,1.43,Proxy,Pitch mix pending,LHB platoon look vs RHP; Pitcher HR/9 is attackable; Real Statcast barrel rate is elite; Hard-hit profile supports HR upside; Exit velocity supports power; Elite power profile,95.0,Oriole Park at Camden Yards,Neutral,72.5,Neutral,Neutral,69.0,Light Wind In,67.0,-3,278.0,8.5,56.6,74.0,81.4,MED,Power score 87.6; Proxy power data; barrel rate 19.0; hard-hit 62; EV 95.5; projected lineup spot 4; pitcher HR/9 1.43; Neutral; Neutral; Light Wind In; LHB platoon look vs RHP; Pitcher HR/9 is attackable; Real Statcast barrel rate is elite; Hard-hit profile supports HR upside; Exit velocity supports power; Elite power profile; LHB vs RHP advantage check.,Home runs are low-frequency events; lineup is projected not confirmed; pitcher hand is R; weather direction is 278.0; full pitch-by-pitch mix is still pending until dedicated pitch feed is connected.,HR confidence 81.4/100. Real HR probability estimate 9.41%. Power score 87.6; Proxy power data; barrel rate 19.0; hard-hit 62; EV 95.5; projected lineup spot 4; pitcher HR/9 1.43; Neutral; Neutral; Light Wind In; LHB platoon look vs RHP; Pitcher HR/9 is attackable; Real Statcast barrel rate is elite; Hard-hit profile supports HR upside; Exit velocity supports power; Elite power profile; LHB vs RHP advantage check. Risk note: Home runs are low-frequency events; lineup is projected not confirmed; pitcher hand is R; weather direction is 278.0; full pitch-by-pitch mix is still pending until dedicated pitch feed is connected.
2026-04-30,"Apr 30, 2026",12:35 PM ET,Thursday,2026-04-30T16:35:00Z,Houston Astros @ Baltimore Orioles,Adley Rutschman,Baltimore Orioles,C,668939,Home Runs,0.5,Lance McCullers Jr.,Lance McCullers Jr.,R,S,2,Projected,9.1,9.1,9.1,85.4,99.0,7.92,22.0,62.0,54.8,97.0,17.7,N/A,Proxy,0.273,0.618,51.2,1.43,Proxy,Pitch mix pending,Same-side matchup; Pitcher HR/9 is attackable; Real Statcast barrel rate is elite; Hard-hit profile supports HR upside; Exit velocity supports power; Elite power profile,88.0,Oriole Park at Camden Yards,Neutral,72.5,Neutral,Neutral,69.0,Light Wind In,67.0,-3,278.0,8.5,56.6,74.0,82.5,MED,Power score 97; Proxy power data; barrel rate 22; hard-hit 62; EV 97; projected lineup spot 2; pitcher HR/9 1.43; Neutral; Neutral; Light Wind In; Same-side matchup; Pitcher HR/9 is attackable; Real Statcast barrel rate is elite; Hard-hit profile supports HR upside; Exit velocity supports power; Elite power profile; Same-side split check.,Home runs are low-frequency events; lineup is projected not confirmed; pitcher hand is R; weather direction is 278.0; full pitch-by-pitch mix is still pending until dedicated pitch feed is connected.,HR confidence 82.5/100. Real HR probability estimate 9.1%. Power score 97; Proxy power data; barrel rate 22; hard-hit 62; EV 97; projected lineup spot 2; pitcher HR/9 1.43; Neutral; Neutral; Light Wind In; Same-side matchup; Pitcher HR/9 is attackable; Real Statcast barrel rate is elite; Hard-hit profile supports HR upside; Exit velocity supports power; Elite power profile; Same-side split check. Risk note: Home runs are low-frequency events; lineup is projected not confirmed; pitcher hand is R; weather direction is 278.0; full pitch-by-pitch mix is still pending until dedicated pitch feed is connected.
2026-04-30,"Apr 30, 2026",12:35 PM ET,Thursday,2026-04-30T16:35:00Z,Houston Astros @ Baltimore Orioles,Yordan Alvarez,Houston Astros,LF,670541,Home Runs,0.5,Brandon Young,Brandon Young,R,L,5,Projected,8.42,8.42,8.42,82.6,99.0,6.42,22.0,62.0,54.8,97.0,17.7,N/A,Proxy,0.381,0.736,51.2,0.88,Proxy,Pitch mix pending,LHB platoon look vs RHP; Real Statcast barrel rate is elite; Hard-hit profile supports HR upside; Exit velocity supports power; Elite power profile,91.0,Oriole Park at Camden Yards,Neutral,72.5,Neutral,Neutral,69.0,Light Wind In,67.0,-3,278.0,8.5,56.6,74.0,76.9,MED,Power score 97; Proxy power data; barrel rate 22; hard-hit 62; EV 97; projected lineup spot 5; pitcher HR/9 0.88; Neutral; Neutral; Light Wind In; LHB platoon look vs RHP; Real Statcast barrel rate is elite; Hard-hit profile supports HR upside; Exit velocity supports power; Elite power profile; LHB vs RHP advantage check.,Home runs are low-frequency events; lineup is projected not confirmed; pitcher hand is R; weather direction is 278.0; full pitch-by-pitch mix is still pending until dedicated pitch feed is connected.,HR confidence 76.9/100. Real HR probability estimate 8.42%. Power score 97; Proxy power data; barrel rate 22; hard-hit 62; EV 97; projected lineup spot 5; pitcher HR/9 0.88; Neutral; Neutral; Light Wind In; LHB platoon look vs RHP; Real Statcast barrel rate is elite; Hard-hit profile supports HR upside; Exit velocity supports power; Elite power profile; LHB vs RHP advantage check. Risk note: Home runs are low-frequency events; lineup is projected not confirmed; pitcher hand is R; weather direction is 278.0; full pitch-by-pitch mix is still pending until dedicated pitch feed is connected.
2026-04-30,"Apr 30, 2026",12:35 PM ET,Thursday,2026-04-30T16:35:00Z,Houston Astros @ Baltimore Orioles,Braden Shewmake,Houston Astros,2B,669699,Home Runs,0.5,Brandon Young,Brandon Young,R,L,2,Projected,8.71,8.71,8.71,83.8,99.0,7.06,22.0,62.0,54.8,97.0,17.7,N/A,Proxy,0.6,0.8,51.2,0.88,Proxy,Pitch mix pending,LHB platoon look vs RHP; Real Statcast barrel rate is elite; Hard-hit profile supports HR upside; Exit velocity supports power; Elite power profile,91.0,Oriole Park at Camden Yards,Neutral,72.5,Neutral,Neutral,69.0,Light Wind In,67.0,-3,278.0,8.5,56.6,74.0,78.2,MED,Power score 97; Proxy power data; barrel rate 22; hard-hit 62; EV 97; projected lineup spot 2; pitcher HR/9 0.88; Neutral; Neutral; Light Wind In; LHB platoon look vs RHP; Real Statcast barrel rate is elite; Hard-hit profile supports HR upside; Exit velocity supports power; Elite power profile; LHB vs RHP advantage check.,Home runs are low-frequency events; lineup is projected not confirmed; pitcher hand is R; weather direction is 278.0; full pitch-by-pitch mix is still pending until dedicated pitch feed is connected.,HR confidence 78.2/100. Real HR probability estimate 8.71%. Power score 97; Proxy power data; barrel rate 22; hard-hit 62; EV 97; projected lineup spot 2; pitcher HR/9 0.88; Neutral; Neutral; Light Wind In; LHB platoon look vs RHP; Real Statcast barrel rate is elite; Hard-hit profile supports HR upside; Exit velocity supports power; Elite power profile; LHB vs RHP advantage check. Risk note: Home runs are low-frequency events; lineup is projected not confirmed; pitcher hand is R; weather direction is 278.0; full pitch-by-pitch mix is still pending until dedicated pitch feed is connected.
2026-04-30,"Apr 30, 2026",1:05 PM ET,Thursday,2026-04-30T17:05:00Z,San Francisco Giants @ Philadelphia Phillies,Kyle Schwarber,Philadelphia Phillies,LF,656941,Home Runs,0.5,Adrian Houser,Adrian Houser,R,L,3,Projected,10.25,10.25,10.25,90.2,99.0,10.45,22.0,62.0,54.8,97.0,17.7,N/A,Proxy,0.315,0.505,51.2,1.43,Proxy,Pitch mix pending,LHB platoon look vs RHP; Pitcher HR/9 is attackable; Real Statcast barrel rate is elite; Hard-hit profile supports HR upside; Exit velocity supports power; Elite power profile,95.0,Citizens Bank Park,HR Boost,82.5,Neutral,Neutral,64.0,Light Wind In,67.0,-3,249.0,6.7,53.3,84.0,85.5,MED,Power score 97; Proxy power data; barrel rate 22; hard-hit 62; EV 97; projected lineup spot 3; pitcher HR/9 1.43; HR Boost; Neutral; Light Wind In; LHB platoon look vs RHP; Pitcher HR/9 is attackable; Real Statcast barrel rate is elite; Hard-hit profile supports HR upside; Exit velocity supports power; Elite power profile; LHB vs RHP advantage check.,Home runs are low-frequency events; lineup is projected not confirmed; pitcher hand is R; weather direction is 249.0; full pitch-by-pitch mix is still pending until dedicated pitch feed is connected.,HR confidence 85.5/100. Real HR probability estimate 10.25%. Power score 97; Proxy power data; barrel rate 22; hard-hit 62; EV 97; projected lineup spot 3; pitcher HR/9 1.43; HR Boost; Neutral; Light Wind In; LHB platoon look vs RHP; Pitcher HR/9 is attackable; Real Statcast barrel rate is elite; Hard-hit profile supports HR upside; Exit velocity supports power; Elite power profile; LHB vs RHP advantage check. Risk note: Home runs are low-frequency events; lineup is projected not confirmed; pitcher hand is R; weather direction is 249.0; full pitch-by-pitch mix is still pending until dedicated pitch feed is connected.
2026-04-30,"Apr 30, 2026",1:05 PM ET,Thursday,2026-04-30T17:05:00Z,San Francisco Giants @ Philadelphia Phillies,Brandon Marsh,Philadelphia Phillies,LF,669016,Home Runs,0.5,Adrian Houser,Adrian Houser,R,L,4,Projected,9.07,9.07,9.07,85.3,99.0,7.85,16.1,56.2,47.4,93.7,15.8,N/A,Proxy,0.17,0.468,46.0,1.43,Proxy,Pitch mix pending,LHB platoon look vs RHP; Pitcher HR/9 is attackable; Real Statcast barrel rate is elite; Hard-hit profile supports HR upside; Exit velocity supports power; Strong power profile,93.0,Citizens Bank Park,HR Boost,82.5,Neutral,Neutral,64.0,Light Wind In,67.0,-3,249.0,6.7,53.3,84.0,79.6,MED,Power score 78.5; Proxy power data; barrel rate 16.1; hard-hit 56.2; EV 93.7; projected lineup spot 4; pitcher HR/9 1.43; HR Boost; Neutral; Light Wind In; LHB platoon look vs RHP; Pitcher HR/9 is attackable; Real Statcast barrel rate is elite; Hard-hit profile supports HR upside; Exit velocity supports power; Strong power profile; LHB vs RHP advantage check.,Home runs are low-frequency events; lineup is projected not confirmed; pitcher hand is R; weather direction is 249.0; full pitch-by-pitch mix is still pending until dedicated pitch feed is connected.,HR confidence 79.6/100. Real HR probability estimate 9.07%. Power score 78.5; Proxy power data; barrel rate 16.1; hard-hit 56.2; EV 93.7; projected lineup spot 4; pitcher HR/9 1.43; HR Boost; Neutral; Light Wind In; LHB platoon look vs RHP; Pitcher HR/9 is attackable; Real Statcast barrel rate is elite; Hard-hit profile supports HR upside; Exit velocity supports power; Strong power profile; LHB vs RHP advantage check. Risk note: Home runs are low-frequency events; lineup is projected not confirmed; pitcher hand is R; weather direction is 249.0; full pitch-by-pitch mix is still pending until dedicated pitch feed is connected.
2026-04-30,"Apr 30, 2026",1:40 PM ET,Thursday,2026-04-30T17:40:00Z,Arizona Diamondbacks @ Milwaukee Brewers,Ildemaro Vargas,Arizona Diamondbacks,1B,545121,Home Runs,0.5,Brandon Woodruff,Brandon Woodruff,R,S,3,Projected,8.26,8.26,8.26,81.9,99.0,6.07,22.0,62.0,54.8,97.0,17.7,N/A,Proxy,0.346,0.716,51.2,1.28,Proxy,Pitch mix pending,Same-side matchup; Pitcher HR/9 is attackable; Real Statcast barrel rate is elite; Hard-hit profile supports HR upside; Exit velocity supports power; Elite power profile,88.0,American Family Field,Neutral,70.0,Roof/Controlled,Roof/Controlled,70.0,Controlled,70.0,0,Controlled,0.0,72.0,50.0,78.4,MED,Power score 97; Proxy power data; barrel rate 22; hard-hit 62; EV 97; projected lineup spot 3; pitcher HR/9 1.28; Neutral; Roof/Controlled; Controlled; Same-side matchup; Pitcher HR/9 is attackable; Real Statcast barrel rate is elite; Hard-hit profile supports HR upside; Exit velocity supports power; Elite power profile; Same-side split check.,Home runs are low-frequency events; lineup is projected not confirmed; pitcher hand is R; weather direction is Controlled; full pitch-by-pitch mix is still pending until dedicated pitch feed is connected.,HR confidence 78.4/100. Real HR probability estimate 8.26%. Power score 97; Proxy power data; barrel rate 22; hard-hit 62; EV 97; projected lineup spot 3; pitcher HR/9 1.28; Neutral; Roof/Controlled; Controlled; Same-side matchup; Pitcher HR/9 is attackable; Real Statcast barrel rate is elite; Hard-hit profile supports HR upside; Exit velocity supports power; Elite power profile; Same-side split check. Risk note: Home runs are low-frequency events; lineup is projected not confirmed; pitcher hand is R; weather direction is Controlled; full pitch-by-pitch mix is still pending until dedicated pitch feed is connected.
2026-04-30,"Apr 30, 2026",1:10 PM ET,Thursday,2026-04-30T17:10:00Z,Washington Nationals @ New York Mets,MJ Melendez,New York Mets,LF,669004,Home Runs,0.5,Miles Mikolas,Miles Mikolas,R,L,2,Projected,9.84,9.84,9.84,88.5,99.0,9.55,21.9,62.0,54.6,97.0,17.7,N/A,Proxy,0.24,0.52,51.0,2.73,Proxy,Pitch mix pending,LHB platoon look vs RHP; Pitcher allows elevated HR/9; Real Statcast barrel rate is elite; Hard-hit profile supports HR upside; Exit velocity supports power; Elite power profile,96.0,Citi Field,Neutral,68.8,Neutral,Neutral,64.0,Light Wind In,67.0,-3,239.0,6.3,51.6,84.0,84.0,MED,Power score 96.5; Proxy power data; barrel rate 21.9; hard-hit 62; EV 97; projected lineup spot 2; pitcher HR/9 2.73; Neutral; Neutral; Light Wind In; LHB platoon look vs RHP; Pitcher allows elevated HR/9; Real Statcast barrel rate is elite; Hard-hit profile supports HR upside; Exit velocity supports power; Elite power profile; LHB vs RHP advantage check.,Home runs are low-frequency events; lineup is projected not confirmed; pitcher hand is R; weather direction is 239.0; full pitch-by-pitch mix is still pending until dedicated pitch feed is connected.,HR confidence 84.0/100. Real HR probability estimate 9.84%. Power score 96.5; Proxy power data; barrel rate 21.9; hard-hit 62; EV 97; projected lineup spot 2; pitcher HR/9 2.73; Neutral; Neutral; Light Wind In; LHB platoon look vs RHP; Pitcher allows elevated HR/9; Real Statcast barrel rate is elite; Hard-hit profile supports HR upside; Exit velocity supports power; Elite power profile; LHB vs RHP advantage check. Risk note: Home runs are low-frequency events; lineup is projected not confirmed; pitcher hand is R; weather direction is 239.0; full pitch-by-pitch mix is still pending until dedicated pitch feed is connected.
2026-04-30,"Apr 30, 2026",1:10 PM ET,Thursday,2026-04-30T17:10:00Z,Washington Nationals @ New York Mets,Juan Soto,New York Mets,LF,665742,Home Runs,0.5,Miles Mikolas,Miles Mikolas,R,L,3,Projected,8.66,8.66,8.66,83.6,99.0,6.95,16.0,56.0,47.3,93.6,15.8,N/A,Proxy,0.16,0.46,45.9,2.73,Proxy,Pitch mix pending,LHB platoon look vs RHP; Pitcher allows elevated HR/9; Real Statcast barrel rate is elite; Hard-hit profile supports HR upside; Exit velocity supports power; Strong power profile,96.0,Citi Field,Neutral,68.8,Neutral,Neutral,64.0,Light Wind In,67.0,-3,239.0,6.3,51.6,84.0,78.3,MED,Power score 78.2; Proxy power data; barrel rate 16.0; hard-hit 56.0; EV 93.6; projected lineup spot 3; pitcher HR/9 2.73; Neutral; Neutral; Light Wind In; LHB platoon look vs RHP; Pitcher allows elevated HR/9; Real Statcast barrel rate is elite; Hard-hit profile supports HR upside; Exit velocity supports power; Strong power profile; LHB vs RHP advantage check.,Home runs are low-frequency events; lineup is projected not confirmed; pitcher hand is R; weather direction is 239.0; full pitch-by-pitch mix is still pending until dedicated pitch feed is connected.,HR confidence 78.3/100. Real HR probability estimate 8.66%. Power score 78.2; Proxy power data; barrel rate 16.0; hard-hit 56.0; EV 93.6; projected lineup spot 3; pitcher HR/9 2.73; Neutral; Neutral; Light Wind In; LHB platoon look vs RHP; Pitcher allows elevated HR/9; Real Statcast barrel rate is elite; Hard-hit profile supports HR upside; Exit velocity supports power; Strong power profile; LHB vs RHP advantage check. Risk note: Home runs are low-frequency events; lineup is projected not confirmed; pitcher hand is R; weather direction is 239.0; full pitch-by-pitch mix is still pending until dedicated pitch feed is connected.
2026-04-30,"Apr 30, 2026",3:05 PM ET,Thursday,2026-04-30T19:05:00Z,Kansas City Royals @ Athletics,Shea Langeliers,Athletics,C,669127,Home Runs,0.5,Noah Cameron,Noah Cameron,L,R,3,Projected,9.84,9.84,9.84,88.5,99.0,9.55,22.0,62.0,54.8,97.0,17.7,N/A,Proxy,0.257,0.573,51.2,1.72,Proxy,Pitch mix pending,RHB platoon look vs LHP; Pitcher allows elevated HR/9; Real Statcast barrel rate is elite; Hard-hit profile supports HR upside; Exit velocity supports power; Elite power profile,96.0,Sutter Health Park,Neutral,70.0,Neutral,Neutral,67.0,Neutral Wind,70.0,0,148.0,5.7,54.8,64.0,83.7,MED,Power score 97; Proxy power data; barrel rate 22; hard-hit 62; EV 97; projected lineup spot 3; pitcher HR/9 1.72; Neutral; Neutral; Neutral Wind; RHB platoon look vs LHP; Pitcher allows elevated HR/9; Real Statcast barrel rate is elite; Hard-hit profile supports HR upside; Exit velocity supports power; Elite power profile; RHB vs LHP advantage check.,Home runs are low-frequency events; lineup is projected not confirmed; pitcher hand is L; weather direction is 148.0; full pitch-by-pitch mix is still pending until dedicated pitch feed is connected.,HR confidence 83.7/100. Real HR probability estimate 9.84%. Power score 97; Proxy power data; barrel rate 22; hard-hit 62; EV 97; projected lineup spot 3; pitcher HR/9 1.72; Neutral; Neutral; Neutral Wind; RHB platoon look vs LHP; Pitcher allows elevated HR/9; Real Statcast barrel rate is elite; Hard-hit profile supports HR upside; Exit velocity supports power; Elite power profile; RHB vs LHP advantage check. Risk note: Home runs are low-frequency events; lineup is projected not confirmed; pitcher hand is L; weather direction is 148.0; full pitch-by-pitch mix is still pending until dedicated pitch feed is connected.
2026-04-30,"Apr 30, 2026",3:05 PM ET,Thursday,2026-04-30T19:05:00Z,Kansas City Royals @ Athletics,Carlos Cortes,Athletics,RF,666126,Home Runs,0.5,Noah Cameron,Noah Cameron,L,L,2,Projected,9.05,9.05,9.05,85.2,99.0,7.81,22.0,62.0,54.8,97.0,17.7,N/A,Proxy,0.307,0.694,51.2,1.72,Proxy,Pitch mix pending,Same-side matchup; Pitcher allows elevated HR/9; Real Statcast barrel rate is elite; Hard-hit profile supports HR upside; Exit velocity supports power; Elite power profile,92.0,Sutter Health Park,Neutral,70.0,Neutral,Neutral,67.0,Neutral Wind,70.0,0,148.0,5.7,54.8,64.0,82.3,MED,Power score 97; Proxy power data; barrel rate 22; hard-hit 62; EV 97; projected lineup spot 2; pitcher HR/9 1.72; Neutral; Neutral; Neutral Wind; Same-side matchup; Pitcher allows elevated HR/9; Real Statcast barrel rate is elite; Hard-hit profile supports HR upside; Exit velocity supports power; Elite power profile; Same-side split check.,Home runs are low-frequency events; lineup is projected not confirmed; pitcher hand is L; weather direction is 148.0; full pitch-by-pitch mix is still pending until dedicated pitch feed is connected.,HR confidence 82.3/100. Real HR probability estimate 9.05%. Power score 97; Proxy power data; barrel rate 22; hard-hit 62; EV 97; projected lineup spot 2; pitcher HR/9 1.72; Neutral; Neutral; Neutral Wind; Same-side matchup; Pitcher allows elevated HR/9; Real Statcast barrel rate is elite; Hard-hit profile supports HR upside; Exit velocity supports power; Elite power profile; Same-side split check. Risk note: Home runs are low-frequency events; lineup is projected not confirmed; pitcher hand is L; weather direction is 148.0; full pitch-by-pitch mix is still pending until dedicated pitch feed is connected.
2026-04-30,"Apr 30, 2026",3:05 PM ET,Thursday,2026-04-30T19:05:00Z,Kansas City Royals @ Athletics,Carter Jensen,Kansas City Royals,C,695600,Home Runs,0.5,Jeffrey Springs,Jeffrey Springs,L,L,2,Projected,8.18,8.18,8.18,81.6,99.0,5.9,22.0,62.0,54.8,97.0,17.7,N/A,Proxy,0.241,0.506,51.2,1.28,Proxy,Pitch mix pending,Same-side matchup; Pitcher HR/9 is attackable; Real Statcast barrel rate is elite; Hard-hit profile supports HR upside; Exit velocity supports power; Elite power profile,88.0,Sutter Health Park,Neutral,70.0,Neutral,Neutral,67.0,Neutral Wind,70.0,0,148.0,5.7,54.8,64.0,78.2,MED,Power score 97; Proxy power data; barrel rate 22; hard-hit 62; EV 97; projected lineup spot 2; pitcher HR/9 1.28; Neutral; Neutral; Neutral Wind; Same-side matchup; Pitcher HR/9 is attackable; Real Statcast barrel rate is elite; Hard-hit profile supports HR upside; Exit velocity supports power; Elite power profile; Same-side split check.,Home runs are low-frequency events; lineup is projected not confirmed; pitcher hand is L; weather direction is 148.0; full pitch-by-pitch mix is still pending until dedicated pitch feed is connected.,HR confidence 78.2/100. Real HR probability estimate 8.18%. Power score 97; Proxy power data; barrel rate 22; hard-hit 62; EV 97; projected lineup spot 2; pitcher HR/9 1.28; Neutral; Neutral; Neutral Wind; Same-side matchup; Pitcher HR/9 is attackable; Real Statcast barrel rate is elite; Hard-hit profile supports HR upside; Exit velocity supports power; Elite power profile; Same-side split check. Risk note: Home runs are low-frequency events; lineup is projected not confirmed; pitcher hand is L; weather direction is 148.0; full pitch-by-pitch mix is still pending until dedicated pitch feed is connected.
2026-04-30,"Apr 30, 2026",3:05 PM ET,Thursday,2026-04-30T19:05:00Z,Kansas City Royals @ Athletics,Elias Díaz,Kansas City Royals,C,553869,Home Runs,0.5,Jeffrey Springs,Jeffrey Springs,L,R,3,Projected,8.3,8.3,8.3,82.1,99.0,6.16,22.0,62.0,54.8,97.0,17.7,N/A,Proxy,0.285,0.714,51.2,1.28,Proxy,Pitch mix pending,RHB platoon look vs LHP; Pitcher HR/9 is attackable; Real Statcast barrel rate is elite; Hard-hit profile supports HR upside; Exit velocity supports power; Elite power profile,95.0,Sutter Health Park,Neutral,70.0,Neutral,Neutral,67.0,Neutral Wind,70.0,0,148.0,5.7,54.8,64.0,78.8,MED,Power score 97; Proxy power data; barrel rate 22; hard-hit 62; EV 97; projected lineup spot 3; pitcher HR/9 1.28; Neutral; Neutral; Neutral Wind; RHB platoon look vs LHP; Pitcher HR/9 is attackable; Real Statcast barrel rate is elite; Hard-hit profile supports HR upside; Exit velocity supports power; Elite power profile; RHB vs LHP advantage check.,Home runs are low-frequency events; lineup is projected not confirmed; pitcher hand is L; weather direction is 148.0; full pitch-by-pitch mix is still pending until dedicated pitch feed is connected.,HR confidence 78.8/100. Real HR probability estimate 8.3%. Power score 97; Proxy power data; barrel rate 22; hard-hit 62; EV 97; projected lineup spot 3; pitcher HR/9 1.28; Neutral; Neutral; Neutral Wind; RHB platoon look vs LHP; Pitcher HR/9 is attackable; Real Statcast barrel rate is elite; Hard-hit profile supports HR upside; Exit velocity supports power; Elite power profile; RHB vs LHP advantage check. Risk note: Home runs are low-frequency events; lineup is projected not confirmed; pitcher hand is L; weather direction is 148.0; full pitch-by-pitch mix is still pending until dedicated pitch feed is connected.
2026-04-30,"Apr 30, 2026",1:40 PM ET,Thursday,2026-04-30T17:40:00Z,Arizona Diamondbacks @ Milwaukee Brewers,Corbin Carroll,Arizona Diamondbacks,RF,682998,Home Runs,0.5,Brandon Woodruff,Brandon Woodruff,R,L,2,Projected,8.88,8.88,8.88,84.5,99.0,7.44,22.0,62.0,54.8,97.0,17.7,N/A,Proxy,0.255,0.533,51.2,1.28,Proxy,Pitch mix pending,LHB platoon look vs RHP; Pitcher HR/9 is attackable; Real Statcast barrel rate is elite; Hard-hit profile supports HR upside; Exit velocity supports power; Elite power profile,95.0,American Family Field,Neutral,70.0,Roof/Controlled,Roof/Controlled,70.0,Controlled,70.0,0,Controlled,0.0,72.0,50.0,79.8,MED,Power score 97; Proxy power data; barrel rate 22; hard-hit 62; EV 97; projected lineup spot 2; pitcher HR/9 1.28; Neutral; Roof/Controlled; Controlled; LHB platoon look vs RHP; Pitcher HR/9 is attackable; Real Statcast barrel rate is elite; Hard-hit profile supports HR upside; Exit velocity supports power; Elite power profile; LHB vs RHP advantage check.,Home runs are low-frequency events; lineup is projected not confirmed; pitcher hand is R; weather direction is Controlled; full pitch-by-pitch mix is still pending until dedicated pitch feed is connected.,HR confidence 79.8/100. Real HR probability estimate 8.88%. Power score 97; Proxy power data; barrel rate 22; hard-hit 62; EV 97; projected lineup spot 2; pitcher HR/9 1.28; Neutral; Roof/Controlled; Controlled; LHB platoon look vs RHP; Pitcher HR/9 is attackable; Real Statcast barrel rate is elite; Hard-hit profile supports HR upside; Exit velocity supports power; Elite power profile; LHB vs RHP advantage check. Risk note: Home runs are low-frequency events; lineup is projected not confirmed; pitcher hand is R; weather direction is Controlled; full pitch-by-pitch mix is still pending until dedicated pitch feed is connected.
2026-04-30,"Apr 30, 2026",1:10 PM ET,Thursday,2026-04-30T17:10:00Z,Washington Nationals @ New York Mets,CJ Abrams,Washington Nationals,SS,682928,Home Runs,0.5,Freddy Peralta,Freddy Peralta,R,L,2,Projected,8.88,8.88,8.88,84.5,99.0,7.44,22.0,62.0,54.8,97.0,17.7,N/A,Proxy,0.238,0.505,51.2,1.12,Proxy,Pitch mix pending,LHB platoon look vs RHP; Real Statcast barrel rate is elite; Hard-hit profile supports HR upside; Exit velocity supports power; Elite power profile,91.0,Citi Field,Neutral,68.8,Neutral,Neutral,64.0,Light Wind In,67.0,-3,239.0,6.3,51.6,84.0,79.2,MED,Power score 97; Proxy power data; barrel rate 22; hard-hit 62; EV 97; projected lineup spot 2; pitcher HR/9 1.12; Neutral; Neutral; Light Wind In; LHB platoon look vs RHP; Real Statcast barrel rate is elite; Hard-hit profile supports HR upside; Exit velocity supports power; Elite power profile; LHB vs RHP advantage check.,Home runs are low-frequency events; lineup is projected not confirmed; pitcher hand is R; weather direction is 239.0; full pitch-by-pitch mix is still pending until dedicated pitch feed is connected.,HR confidence 79.2/100. Real HR probability estimate 8.88%. Power score 97; Proxy power data; barrel rate 22; hard-hit 62; EV 97; projected lineup spot 2; pitcher HR/9 1.12; Neutral; Neutral; Light Wind In; LHB platoon look vs RHP; Real Statcast barrel rate is elite; Hard-hit profile supports HR upside; Exit velocity supports power; Elite power profile; LHB vs RHP advantage check. Risk note: Home runs are low-frequency events; lineup is projected not confirmed; pitcher hand is R; weather direction is 239.0; full pitch-by-pitch mix is still pending until dedicated pitch feed is connected.
2026-04-30,"Apr 30, 2026",1:10 PM ET,Thursday,2026-04-30T17:10:00Z,Washington Nationals @ New York Mets,James Wood,Washington Nationals,RF,695578,Home Runs,0.5,Freddy Peralta,Freddy Peralta,R,L,3,Projected,8.88,8.88,8.88,84.5,99.0,7.44,22.0,62.0,54.8,97.0,17.7,N/A,Proxy,0.316,0.553,51.2,1.12,Proxy,Pitch mix pending,LHB platoon look vs RHP; Real Statcast barrel rate is elite; Hard-hit profile supports HR upside; Exit velocity supports power; Elite power profile,91.0,Citi Field,Neutral,68.8,Neutral,Neutral,64.0,Light Wind In,67.0,-3,239.0,6.3,51.6,84.0,79.2,MED,Power score 97; Proxy power data; barrel rate 22; hard-hit 62; EV 97; projected lineup spot 3; pitcher HR/9 1.12; Neutral; Neutral; Light Wind In; LHB platoon look vs RHP; Real Statcast barrel rate is elite; Hard-hit profile supports HR upside; Exit velocity supports power; Elite power profile; LHB vs RHP advantage check.,Home runs are low-frequency events; lineup is projected not confirmed; pitcher hand is R; weather direction is 239.0; full pitch-by-pitch mix is still pending until dedicated pitch feed is connected.,HR confidence 79.2/100. Real HR probability estimate 8.88%. Power score 97; Proxy power data; barrel rate 22; hard-hit 62; EV 97; projected lineup spot 3; pitcher HR/9 1.12; Neutral; Neutral; Light Wind In; LHB platoon look vs RHP; Real Statcast barrel rate is elite; Hard-hit profile supports HR upside; Exit velocity supports power; Elite power profile; LHB vs RHP advantage check. Risk note: Home runs are low-frequency events; lineup is projected not confirmed; pitcher hand is R; weather direction is 239.0; full pitch-by-pitch mix is still pending until dedicated pitch feed is connected.
2026-04-30,"Apr 30, 2026",1:05 PM ET,Thursday,2026-04-30T17:05:00Z,San Francisco Giants @ Philadelphia Phillies,Eric Haase,San Francisco Giants,C,606992,Home Runs,0.5,Andrew Painter,Andrew Painter,R,R,3,Projected,7.7,7.7,7.7,79.6,98.3,4.84,22.0,62.0,54.8,97.0,17.7,N/A,Proxy,0.334,0.667,51.2,0.75,Proxy,Pitch mix pending,Same-side matchup; Pitcher suppresses HRs; Real Statcast barrel rate is elite; Hard-hit profile supports HR upside; Exit velocity supports power; Elite power profile,79.0,Citizens Bank Park,HR Boost,82.5,Neutral,Neutral,64.0,Light Wind In,67.0,-3,249.0,6.7,53.3,84.0,78.3,MED,Power score 97; Proxy power data; barrel rate 22; hard-hit 62; EV 97; projected lineup spot 3; pitcher HR/9 0.75; HR Boost; Neutral; Light Wind In; Same-side matchup; Pitcher suppresses HRs; Real Statcast barrel rate is elite; Hard-hit profile supports HR upside; Exit velocity supports power; Elite power profile; Same-side split check.,Home runs are low-frequency events; lineup is projected not confirmed; pitcher hand is R; weather direction is 249.0; full pitch-by-pitch mix is still pending until dedicated pitch feed is connected.,HR confidence 78.3/100. Real HR probability estimate 7.7%. Power score 97; Proxy power data; barrel rate 22; hard-hit 62; EV 97; projected lineup spot 3; pitcher HR/9 0.75; HR Boost; Neutral; Light Wind In; Same-side matchup; Pitcher suppresses HRs; Real Statcast barrel rate is elite; Hard-hit profile supports HR upside; Exit velocity supports power; Elite power profile; Same-side split check. Risk note: Home runs are low-frequency events; lineup is projected not confirmed; pitcher hand is R; weather direction is 249.0; full pitch-by-pitch mix is still pending until dedicated pitch feed is connected.
2026-04-30,"Apr 30, 2026",12:15 PM ET,Thursday,2026-04-30T16:15:00Z,Detroit Tigers @ Atlanta Braves,Kerry Carpenter,Detroit Tigers,RF,681481,Home Runs,0.5,Bryce Elder,Bryce Elder,R,L,2,Projected,8.4,8.4,8.4,82.5,97.4,6.38,22.0,62.0,54.8,97.0,17.7,N/A,Proxy,0.282,0.513,51.2,0.49,Proxy,Pitch mix pending,LHB platoon look vs RHP; Pitcher suppresses HRs; Real Statcast barrel rate is elite; Hard-hit profile supports HR upside; Exit velocity supports power; Elite power profile,86.0,Truist Park,Slight Boost,75.0,Neutral,Neutral,72.0,Neutral Wind,70.0,0,317.0,8.6,62.8,66.0,76.5,MED,Power score 97; Proxy power data; barrel rate 22; hard-hit 62; EV 97; projected lineup spot 2; pitcher HR/9 0.49; Slight Boost; Neutral; Neutral Wind; LHB platoon look vs RHP; Pitcher suppresses HRs; Real Statcast barrel rate is elite; Hard-hit profile supports HR upside; Exit velocity supports power; Elite power profile; LHB vs RHP advantage check.,Home runs are low-frequency events; lineup is projected not confirmed; pitcher hand is R; weather direction is 317.0; full pitch-by-pitch mix is still pending until dedicated pitch feed is connected.,HR confidence 76.5/100. Real HR probability estimate 8.4%. Power score 97; Proxy power data; barrel rate 22; hard-hit 62; EV 97; projected lineup spot 2; pitcher HR/9 0.49; Slight Boost; Neutral; Neutral Wind; LHB platoon look vs RHP; Pitcher suppresses HRs; Real Statcast barrel rate is elite; Hard-hit profile supports HR upside; Exit velocity supports power; Elite power profile; LHB vs RHP advantage check. Risk note: Home runs are low-frequency events; lineup is projected not confirmed; pitcher hand is R; weather direction is 317.0; full pitch-by-pitch mix is still pending until dedicated pitch feed is connected.
2026-04-30,"Apr 30, 2026",12:15 PM ET,Thursday,2026-04-30T16:15:00Z,Detroit Tigers @ Atlanta Braves,Dominic Smith,Atlanta Braves,1B,642086,Home Runs,0.5,Framber Valdez,Framber Valdez,L,L,2,Projected,7.99,7.99,7.99,80.8,97.3,5.48,22.0,62.0,54.8,97.0,17.7,N/A,Proxy,0.219,0.563,51.2,0.53,Proxy,Pitch mix pending,Same-side matchup; Pitcher suppresses HRs; Real Statcast barrel rate is elite; Hard-hit profile supports HR upside; Exit velocity supports power; Elite power profile,79.0,Truist Park,Slight Boost,75.0,Neutral,Neutral,72.0,Neutral Wind,70.0,0,317.0,8.6,62.8,66.0,77.1,MED,Power score 97; Proxy power data; barrel rate 22; hard-hit 62; EV 97; projected lineup spot 2; pitcher HR/9 0.53; Slight Boost; Neutral; Neutral Wind; Same-side matchup; Pitcher suppresses HRs; Real Statcast barrel rate is elite; Hard-hit profile supports HR upside; Exit velocity supports power; Elite power profile; Same-side split check.,Home runs are low-frequency events; lineup is projected not confirmed; pitcher hand is L; weather direction is 317.0; full pitch-by-pitch mix is still pending until dedicated pitch feed is connected.,HR confidence 77.1/100. Real HR probability estimate 7.99%. Power score 97; Proxy power data; barrel rate 22; hard-hit 62; EV 97; projected lineup spot 2; pitcher HR/9 0.53; Slight Boost; Neutral; Neutral Wind; Same-side matchup; Pitcher suppresses HRs; Real Statcast barrel rate is elite; Hard-hit profile supports HR upside; Exit velocity supports power; Elite power profile; Same-side split check. Risk note: Home runs are low-frequency events; lineup is projected not confirmed; pitcher hand is L; weather direction is 317.0; full pitch-by-pitch mix is still pending until dedicated pitch feed is connected.
2026-04-30,"Apr 30, 2026",12:15 PM ET,Thursday,2026-04-30T16:15:00Z,Detroit Tigers @ Atlanta Braves,Matt Olson,Atlanta Braves,1B,621566,Home Runs,0.5,Framber Valdez,Framber Valdez,L,L,3,Projected,7.99,7.99,7.99,80.8,97.3,5.48,22.0,62.0,54.8,97.0,17.7,N/A,Proxy,0.316,0.615,51.2,0.53,Proxy,Pitch mix pending,Same-side matchup; Pitcher suppresses HRs; Real Statcast barrel rate is elite; Hard-hit profile supports HR upside; Exit velocity supports power; Elite power profile,79.0,Truist Park,Slight Boost,75.0,Neutral,Neutral,72.0,Neutral Wind,70.0,0,317.0,8.6,62.8,66.0,77.1,MED,Power score 97; Proxy power data; barrel rate 22; hard-hit 62; EV 97; projected lineup spot 3; pitcher HR/9 0.53; Slight Boost; Neutral; Neutral Wind; Same-side matchup; Pitcher suppresses HRs; Real Statcast barrel rate is elite; Hard-hit profile supports HR upside; Exit velocity supports power; Elite power profile; Same-side split check.,Home runs are low-frequency events; lineup is projected not confirmed; pitcher hand is L; weather direction is 317.0; full pitch-by-pitch mix is still pending until dedicated pitch feed is connected.,HR confidence 77.1/100. Real HR probability estimate 7.99%. Power score 97; Proxy power data; barrel rate 22; hard-hit 62; EV 97; projected lineup spot 3; pitcher HR/9 0.53; Slight Boost; Neutral; Neutral Wind; Same-side matchup; Pitcher suppresses HRs; Real Statcast barrel rate is elite; Hard-hit profile supports HR upside; Exit velocity supports power; Elite power profile; Same-side split check. Risk note: Home runs are low-frequency events; lineup is projected not confirmed; pitcher hand is L; weather direction is 317.0; full pitch-by-pitch mix is still pending until dedicated pitch feed is connected.
2026-04-30,"Apr 30, 2026",7:40 PM ET,Thursday,2026-04-30T23:40:00Z,Toronto Blue Jays @ Minnesota Twins,Byron Buxton,Minnesota Twins,CF,621439,Home Runs,0.5,Projected Starter,Projected Starter,Unknown,R,2,Projected,7.73,7.73,7.73,79.7,96.3,4.91,20.0,62.0,52.3,96.1,17.1,N/A,Proxy,0.237,0.474,49.4,1.1,Proxy,Pitch mix pending,Real Statcast barrel rate is elite; Hard-hit profile supports HR upside; Exit velocity supports power; Elite power profile,86.0,Target Field,Neutral,67.5,Neutral,Neutral,67.0,Neutral Wind,70.0,0,335.0,7.1,39.6,72.0,75.9,HIGH,Power score 90.7; Proxy power data; barrel rate 20.0; hard-hit 62; EV 96.1; projected lineup spot 2; pitcher HR/9 1.1; Neutral; Neutral; Neutral Wind; Real Statcast barrel rate is elite; Hard-hit profile supports HR upside; Exit velocity supports power; Elite power profile; Split unknown.,Home runs are low-frequency events; lineup is projected not confirmed; pitcher hand is Unknown; weather direction is 335.0; full pitch-by-pitch mix is still pending until dedicated pitch feed is connected.,HR confidence 75.9/100. Real HR probability estimate 7.73%. Power score 90.7; Proxy power data; barrel rate 20.0; hard-hit 62; EV 96.1; projected lineup spot 2; pitcher HR/9 1.1; Neutral; Neutral; Neutral Wind; Real Statcast barrel rate is elite; Hard-hit profile supports HR upside; Exit velocity supports power; Elite power profile; Split unknown. Risk note: Home runs are low-frequency events; lineup is projected not confirmed; pitcher hand is Unknown; weather direction is 335.0; full pitch-by-pitch mix is still pending until dedicated pitch feed is connected.
2026-04-30,"Apr 30, 2026",1:40 PM ET,Thursday,2026-04-30T17:40:00Z,Arizona Diamondbacks @ Milwaukee Brewers,Gary Sánchez,Milwaukee Brewers,C,596142,Home Runs,0.5,Michael Soroka,Michael Soroka,R,R,2,Projected,7.68,7.68,7.68,79.5,95.2,4.8,22.0,62.0,54.8,97.0,17.7,N/A,Proxy,0.322,0.559,51.2,0.66,Proxy,Pitch mix pending,Same-side matchup; Pitcher suppresses HRs; Real Statcast barrel rate is elite; Hard-hit profile supports HR upside; Exit velocity supports power; Elite power profile,79.0,American Family Field,Neutral,70.0,Roof/Controlled,Roof/Controlled,70.0,Controlled,70.0,0,Controlled,0.0,72.0,50.0,75.7,HIGH,Power score 97; Proxy power data; barrel rate 22; hard-hit 62; EV 97; projected lineup spot 2; pitcher HR/9 0.66; Neutral; Roof/Controlled; Controlled; Same-side matchup; Pitcher suppresses HRs; Real Statcast barrel rate is elite; Hard-hit profile supports HR upside; Exit velocity supports power; Elite power profile; Same-side split check.,Home runs are low-frequency events; lineup is projected not confirmed; pitcher hand is R; weather direction is Controlled; full pitch-by-pitch mix is still pending until dedicated pitch feed is connected.,HR confidence 75.7/100. Real HR probability estimate 7.68%. Power score 97; Proxy power data; barrel rate 22; hard-hit 62; EV 97; projected lineup spot 2; pitcher HR/9 0.66; Neutral; Roof/Controlled; Controlled; Same-side matchup; Pitcher suppresses HRs; Real Statcast barrel rate is elite; Hard-hit profile supports HR upside; Exit velocity supports power; Elite power profile; Same-side split check. Risk note: Home runs are low-frequency events; lineup is projected not confirmed; pitcher hand is R; weather direction is Controlled; full pitch-by-pitch mix is still pending until dedicated pitch feed is connected.
2026-04-30,"Apr 30, 2026",1:40 PM ET,Thursday,2026-04-30T17:40:00Z,Arizona Diamondbacks @ Milwaukee Brewers,Brice Turang,Milwaukee Brewers,2B,668930,Home Runs,0.5,Michael Soroka,Michael Soroka,R,L,3,Projected,7.97,7.97,7.97,80.7,95.2,5.43,19.8,62.0,52.0,96.0,17.0,N/A,Proxy,0.208,0.479,49.2,0.66,Proxy,Pitch mix pending,LHB platoon look vs RHP; Pitcher suppresses HRs; Real Statcast barrel rate is elite; Hard-hit profile supports HR upside; Exit velocity supports power; Elite power profile,86.0,American Family Field,Neutral,70.0,Roof/Controlled,Roof/Controlled,70.0,Controlled,70.0,0,Controlled,0.0,72.0,50.0,75.0,HIGH,Power score 89.9; Proxy power data; barrel rate 19.8; hard-hit 62; EV 96.0; projected lineup spot 3; pitcher HR/9 0.66; Neutral; Roof/Controlled; Controlled; LHB platoon look vs RHP; Pitcher suppresses HRs; Real Statcast barrel rate is elite; Hard-hit profile supports HR upside; Exit velocity supports power; Elite power profile; LHB vs RHP advantage check.,Home runs are low-frequency events; lineup is projected not confirmed; pitcher hand is R; weather direction is Controlled; full pitch-by-pitch mix is still pending until dedicated pitch feed is connected.,HR confidence 75.0/100. Real HR probability estimate 7.97%. Power score 89.9; Proxy power data; barrel rate 19.8; hard-hit 62; EV 96.0; projected lineup spot 3; pitcher HR/9 0.66; Neutral; Roof/Controlled; Controlled; LHB platoon look vs RHP; Pitcher suppresses HRs; Real Statcast barrel rate is elite; Hard-hit profile supports HR upside; Exit velocity supports power; Elite power profile; LHB vs RHP advantage check. Risk note: Home runs are low-frequency events; lineup is projected not confirmed; pitcher hand is R; weather direction is Controlled; full pitch-by-pitch mix is still pending until dedicated pitch feed is connected.
2026-04-30,"Apr 30, 2026",12:15 PM ET,Thursday,2026-04-30T16:15:00Z,Detroit Tigers @ Atlanta Braves,Kevin McGonigle,Detroit Tigers,SS,805808,Home Runs,0.5,Bryce Elder,Bryce Elder,R,L,3,Projected,7.7,7.7,7.7,79.6,93.8,4.84,20.8,62.0,53.2,96.6,17.3,N/A,Proxy,0.191,0.518,50.1,0.49,Proxy,Pitch mix pending,LHB platoon look vs RHP; Pitcher suppresses HRs; Real Statcast barrel rate is elite; Hard-hit profile supports HR upside; Exit velocity supports power; Elite power profile,86.0,Truist Park,Slight Boost,75.0,Neutral,Neutral,72.0,Neutral Wind,70.0,0,317.0,8.6,62.8,66.0,74.7,HIGH,Power score 93.0; Proxy power data; barrel rate 20.8; hard-hit 62; EV 96.6; projected lineup spot 3; pitcher HR/9 0.49; Slight Boost; Neutral; Neutral Wind; LHB platoon look vs RHP; Pitcher suppresses HRs; Real Statcast barrel rate is elite; Hard-hit profile supports HR upside; Exit velocity supports power; Elite power profile; LHB vs RHP advantage check.,Home runs are low-frequency events; lineup is projected not confirmed; pitcher hand is R; weather direction is 317.0; full pitch-by-pitch mix is still pending until dedicated pitch feed is connected.,HR confidence 74.7/100. Real HR probability estimate 7.7%. Power score 93.0; Proxy power data; barrel rate 20.8; hard-hit 62; EV 96.6; projected lineup spot 3; pitcher HR/9 0.49; Slight Boost; Neutral; Neutral Wind; LHB platoon look vs RHP; Pitcher suppresses HRs; Real Statcast barrel rate is elite; Hard-hit profile supports HR upside; Exit velocity supports power; Elite power profile; LHB vs RHP advantage check. Risk note: Home runs are low-frequency events; lineup is projected not confirmed; pitcher hand is R; weather direction is 317.0; full pitch-by-pitch mix is still pending until dedicated pitch feed is connected.
2026-04-30,"Apr 30, 2026",7:40 PM ET,Thursday,2026-04-30T23:40:00Z,Toronto Blue Jays @ Minnesota Twins,Ryan Jeffers,Minnesota Twins,C,680777,Home Runs,0.5,Projected Starter,Projected Starter,Unknown,R,3,Projected,7.15,7.15,7.15,77.3,92.2,3.63,17.7,60.2,49.4,94.7,16.4,N/A,Proxy,0.183,0.465,47.4,1.1,Proxy,Pitch mix pending,Real Statcast barrel rate is elite; Hard-hit profile supports HR upside; Exit velocity supports power; Elite power profile,86.0,Target Field,Neutral,67.5,Neutral,Neutral,67.0,Neutral Wind,70.0,0,335.0,7.1,39.6,72.0,73.5,HIGH,Power score 83.6; Proxy power data; barrel rate 17.7; hard-hit 60.2; EV 94.7; projected lineup spot 3; pitcher HR/9 1.1; Neutral; Neutral; Neutral Wind; Real Statcast barrel rate is elite; Hard-hit profile supports HR upside; Exit velocity supports power; Elite power profile; Split unknown.,Home runs are low-frequency events; lineup is projected not confirmed; pitcher hand is Unknown; weather direction is 335.0; full pitch-by-pitch mix is still pending until dedicated pitch feed is connected.,HR confidence 73.5/100. Real HR probability estimate 7.15%. Power score 83.6; Proxy power data; barrel rate 17.7; hard-hit 60.2; EV 94.7; projected lineup spot 3; pitcher HR/9 1.1; Neutral; Neutral; Neutral Wind; Real Statcast barrel rate is elite; Hard-hit profile supports HR upside; Exit velocity supports power; Elite power profile; Split unknown. Risk note: Home runs are low-frequency events; lineup is projected not confirmed; pitcher hand is Unknown; weather direction is 335.0; full pitch-by-pitch mix is still pending until dedicated pitch feed is connected.
2026-04-30,"Apr 30, 2026",12:35 PM ET,Thursday,2026-04-30T16:35:00Z,St. Louis Cardinals @ Pittsburgh Pirates,Jordan Walker,St. Louis Cardinals,RF,691023,Home Runs,0.5,Paul Skenes,Paul Skenes,R,R,2,Projected,7.15,7.15,7.15,77.3,92.0,3.63,22.0,62.0,54.8,97.0,17.7,N/A,Proxy,0.264,0.547,51.2,0.62,Proxy,Pitch mix pending,Same-side matchup; Pitcher suppresses HRs; Real Statcast barrel rate is elite; Hard-hit profile supports HR upside; Exit velocity supports power; Elite power profile,79.0,PNC Park,Pitcher Friendly,60.0,Neutral,Neutral,67.0,Neutral Wind,70.0,0,302.0,6.7,47.2,78.0,73.5,HIGH,Power score 97; Proxy power data; barrel rate 22; hard-hit 62; EV 97; projected lineup spot 2; pitcher HR/9 0.62; Pitcher Friendly; Neutral; Neutral Wind; Same-side matchup; Pitcher suppresses HRs; Real Statcast barrel rate is elite; Hard-hit profile supports HR upside; Exit velocity supports power; Elite power profile; Same-side split check.,Home runs are low-frequency events; lineup is projected not confirmed; pitcher hand is R; weather direction is 302.0; full pitch-by-pitch mix is still pending until dedicated pitch feed is connected.,HR confidence 73.5/100. Real HR probability estimate 7.15%. Power score 97; Proxy power data; barrel rate 22; hard-hit 62; EV 97; projected lineup spot 2; pitcher HR/9 0.62; Pitcher Friendly; Neutral; Neutral Wind; Same-side matchup; Pitcher suppresses HRs; Real Statcast barrel rate is elite; Hard-hit profile supports HR upside; Exit velocity supports power; Elite power profile; Same-side split check. Risk note: Home runs are low-frequency events; lineup is projected not confirmed; pitcher hand is R; weather direction is 302.0; full pitch-by-pitch mix is still pending until dedicated pitch feed is connected.
2026-04-30,"Apr 30, 2026",7:40 PM ET,Thursday,2026-04-30T23:40:00Z,Toronto Blue Jays @ Minnesota Twins,Jesús Sánchez,Toronto Blue Jays,LF,660821,Home Runs,0.5,Projected Starter,Projected Starter,Unknown,L,2,Projected,7.03,7.03,7.03,76.8,90.5,3.37,16.6,57.4,48.0,94.0,16.0,N/A,Proxy,0.193,0.458,46.4,1.1,Proxy,Pitch mix pending,Real Statcast barrel rate is elite; Hard-hit profile supports HR upside; Exit velocity supports power; Strong power profile,84.0,Target Field,Neutral,67.5,Neutral,Neutral,67.0,Neutral Wind,70.0,0,335.0,7.1,39.6,72.0,72.5,HIGH,Power score 80.0; Proxy power data; barrel rate 16.6; hard-hit 57.4; EV 94.0; projected lineup spot 2; pitcher HR/9 1.1; Neutral; Neutral; Neutral Wind; Real Statcast barrel rate is elite; Hard-hit profile supports HR upside; Exit velocity supports power; Strong power profile; Split unknown.,Home runs are low-frequency events; lineup is projected not confirmed; pitcher hand is Unknown; weather direction is 335.0; full pitch-by-pitch mix is still pending until dedicated pitch feed is connected.,HR confidence 72.5/100. Real HR probability estimate 7.03%. Power score 80.0; Proxy power data; barrel rate 16.6; hard-hit 57.4; EV 94.0; projected lineup spot 2; pitcher HR/9 1.1; Neutral; Neutral; Neutral Wind; Real Statcast barrel rate is elite; Hard-hit profile supports HR upside; Exit velocity supports power; Strong power profile; Split unknown. Risk note: Home runs are low-frequency events; lineup is projected not confirmed; pitcher hand is Unknown; weather direction is 335.0; full pitch-by-pitch mix is still pending until dedicated pitch feed is connected.
2026-04-30,"Apr 30, 2026",12:35 PM ET,Thursday,2026-04-30T16:35:00Z,St. Louis Cardinals @ Pittsburgh Pirates,Nathan Church,St. Louis Cardinals,LF,701675,Home Runs,0.5,Paul Skenes,Paul Skenes,R,L,3,Projected,7.18,7.18,7.18,77.4,89.0,3.7,17.5,59.7,49.2,94.6,16.3,N/A,Proxy,0.211,0.461,47.2,0.62,Proxy,Pitch mix pending,LHB platoon look vs RHP; Pitcher suppresses HRs; Real Statcast barrel rate is elite; Hard-hit profile supports HR upside; Exit velocity supports power; Elite power profile,86.0,PNC Park,Pitcher Friendly,60.0,Neutral,Neutral,67.0,Neutral Wind,70.0,0,302.0,6.7,47.2,78.0,70.9,HIGH,Power score 82.9; Proxy power data; barrel rate 17.5; hard-hit 59.7; EV 94.6; projected lineup spot 3; pitcher HR/9 0.62; Pitcher Friendly; Neutral; Neutral Wind; LHB platoon look vs RHP; Pitcher suppresses HRs; Real Statcast barrel rate is elite; Hard-hit profile supports HR upside; Exit velocity supports power; Elite power profile; LHB vs RHP advantage check.,Home runs are low-frequency events; lineup is projected not confirmed; pitcher hand is R; weather direction is 302.0; full pitch-by-pitch mix is still pending until dedicated pitch feed is connected.,HR confidence 70.9/100. Real HR probability estimate 7.18%. Power score 82.9; Proxy power data; barrel rate 17.5; hard-hit 59.7; EV 94.6; projected lineup spot 3; pitcher HR/9 0.62; Pitcher Friendly; Neutral; Neutral Wind; LHB platoon look vs RHP; Pitcher suppresses HRs; Real Statcast barrel rate is elite; Hard-hit profile supports HR upside; Exit velocity supports power; Elite power profile; LHB vs RHP advantage check. Risk note: Home runs are low-frequency events; lineup is projected not confirmed; pitcher hand is R; weather direction is 302.0; full pitch-by-pitch mix is still pending until dedicated pitch feed is connected.
2026-04-30,"Apr 30, 2026",7:40 PM ET,Thursday,2026-04-30T23:40:00Z,Toronto Blue Jays @ Minnesota Twins,Andrés Giménez,Toronto Blue Jays,SS,665926,Home Runs,0.5,Projected Starter,Projected Starter,Unknown,L,3,Projected,6.67,6.67,6.67,75.3,88.5,2.57,15.9,55.6,47.1,93.5,15.8,N/A,Proxy,0.175,0.464,45.7,1.1,Proxy,Pitch mix pending,Real Statcast barrel rate is elite; Hard-hit profile supports HR upside; Exit velocity supports power; Strong power profile,84.0,Target Field,Neutral,67.5,Neutral,Neutral,67.0,Neutral Wind,70.0,0,335.0,7.1,39.6,72.0,71.4,HIGH,Power score 77.7; Proxy power data; barrel rate 15.9; hard-hit 55.6; EV 93.5; projected lineup spot 3; pitcher HR/9 1.1; Neutral; Neutral; Neutral Wind; Real Statcast barrel rate is elite; Hard-hit profile supports HR upside; Exit velocity supports power; Strong power profile; Split unknown.,Home runs are low-frequency events; lineup is projected not confirmed; pitcher hand is Unknown; weather direction is 335.0; full pitch-by-pitch mix is still pending until dedicated pitch feed is connected.,HR confidence 71.4/100. Real HR probability estimate 6.67%. Power score 77.7; Proxy power data; barrel rate 15.9; hard-hit 55.6; EV 93.5; projected lineup spot 3; pitcher HR/9 1.1; Neutral; Neutral; Neutral Wind; Real Statcast barrel rate is elite; Hard-hit profile supports HR upside; Exit velocity supports power; Strong power profile; Split unknown. Risk note: Home runs are low-frequency events; lineup is projected not confirmed; pitcher hand is Unknown; weather direction is 335.0; full pitch-by-pitch mix is still pending until dedicated pitch feed is connected.
